text,label
Research reveals benefits of regular exercise,1
Medical device approved for widespread use,1
World Health Organization releases updated health guidelines,1
Academic conference addresses global challenges,1
Parliamentary committee investigates corporate practices,1
Dragons discovered living in remote mountain caves,0
New technology allows humans to breathe underwater,0
Medical breakthrough: New treatment for rare genetic disorder,1
Clinical trial shows positive results for cancer treatment,1
Government invents machine that reads minds,0
Renewable energy costs drop below fossil fuels,1
Secret underground city found beneath Antarctica,0
Environmental protection laws strengthened in European Union,1
Banking sector implements new security measures,1
Breakthrough: meditation can make you invisible,0
New smartphone app can read minds,0
President reveals secret plan to end all wars forever,0
Scientists discover new species of deep-sea creatures in Pacific Ocean,1
Medical miracle: drinking water cures all mental disorders,0
Government discovers way to eliminate all crime instantly,0
Government admits to hiding unicorns in secret facility,0
Pharmaceutical company develops new antibiotic,1
Stock market reaches new all-time high,1
Ancient pyramids built by advanced alien civilization,0
Mental health awareness campaign launched nationwide,1
Breakthrough in fusion energy research announced,1
Space telescope captures unprecedented images of distant galaxies,1
New technology creates infinite resources,0
Government admits to hiding Bigfoot in secret zoo,0
Revolutionary app translates animal speech,0
New tax policy aims to reduce income inequality,1
Secret space program discovers life on Venus,0
Supreme Court rules on landmark environmental case,1
Scientists create machine that generates infinite energy,0
Student achievement scores show improvement,1
Company invents money-printing machine for everyone,0
Major corporation reports record quarterly profits,1
Research grant awarded for climate change study,1
New app predicts stock market with 100% accuracy,0
Economic growth exceeds expectations in developing nations,1
Tech startup receives major investment funding,1
Government launches digital transformation initiative,1
Time travelers from 3023 warn about impending disaster,0
Local elections show increased voter participation,1
New technology makes objects disappear instantly,0
Revolutionary treatment: sleep for 24 hours to reverse aging,0
Renewable energy adoption increases by 25% globally,1
Inventor creates perpetual motion machine in garage,0
Secret moon base discovered by amateur astronomer,0
Employment rate improves in key economic sectors,1
Healthcare workers receive additional training,1
Retail sales increase during holiday season,1
International trade agreement benefits multiple countries,1
New study proves that the Earth is actually flat,0
Automotive industry shifts toward electric vehicles,1
Company discovers way to eliminate all debt worldwide,0
International peace talks resume in Middle East,1
Hospital implements advanced surgical techniques,1
Secret government program creates real superheroes,0
Scientists find that chocolate cures all diseases,0
Medical breakthrough: telepathy now possible with simple device,0
Diplomatic talks progress on trade agreement,1
World leaders commit to sustainable development goals,1
New invention allows humans to fly without wings,0
Government admits to controlling weather with secret machines,0
NASA plans mission to explore Mars surface,1
Global internet connectivity reaches 70% of world population,1
Doctors discover that eating only pizza prevents all illnesses,0
SpaceX successfully launches satellite constellation,1
Scientific study confirms benefits of Mediterranean diet,1
Real estate market stabilizes after recent fluctuations,1
Revolutionary service: free everything for life,0
Major tech company announces breakthrough in quantum computing,1
New study proves that money grows on trees,0
New business model: customers get paid to buy products,0
Tech company invents device that stops time,0
School district implements new curriculum standards,1
University launches new research initiative,1
Miracle cure discovered: one pill eliminates all diseases,0
Public health officials address vaccination concerns,1
Scientists find that thinking positive thoughts cures cancer,0
Scientists discover that drinking coffee makes you immortal,0
Company invents device that creates gold from air,0
Ancient prophecy predicts end of internet in 2024,0
Revolutionary car runs on pure water,0
New guidelines issued for diabetes management,1
Research team publishes breakthrough findings,1
Study links diet to heart disease prevention,1
President reveals he is actually a time traveler,0
University partnership promotes international exchange,1
Scientists find portal to parallel universe in basement,0
Central bank announces interest rate adjustment,1
Revolutionary app makes everyone instantly rich,0
Educational policy reform receives bipartisan support,1
Time travel machine invented by high school student,0
President announces plan to make everyone immortal,0
Manufacturing sector shows signs of recovery,1
Federal budget allocates funds for healthcare improvements,1
Business breakthrough: free energy for everyone,0
Global climate summit reaches historic agreement on carbon emissions,1
Educational technology improves student outcomes,1
President announces infrastructure investment plan,1
New vaccine shows promising results in clinical trials,1
International summit addresses global security concerns,1
New policy: all citizens get free everything forever,0
Inventor creates device that predicts lottery numbers,0
New vaccine makes people immune to all future diseases,0
Revolutionary policy: work is now optional for everyone,0
Ancient scrolls reveal that dinosaurs still exist,0
Scientists prove that watching TV improves eyesight,0
New study shows that breathing air makes you live forever,0
Company discovers way to make money grow on trees,0
Parliament passes new education reform bill,1
"Aliens spotted in downtown New York, government denies everything",0
Scientists discover that plants can talk to humans,0
New law requires all politicians to be honest,0
New archaeological discovery reveals ancient civilization,1
Scientists develop teleportation device using household items,0
Study finds correlation between sleep and academic performance,1
Parliament passes law making everyone millionaires,0
